20170413-0,20.30
20170413-1,19.58
20170413-2,18.94
20170413-3,18.91
20170413-4,19.69
20170413-5,21.27
20170413-6,31.11
20170413-7,31.77
20170413-8,32.60
20170413-9,32.65
20170413-10,32.97
20170413-11,33.30
20170413-12,32.51
20170413-13,32.78
20170413-14,31.46
20170413-15,30.35
20170413-16,30.72
20170413-17,30.06
20170413-18,28.27
20170413-19,29.65
20170413-20,37.44
20170413-21,31.43
20170413-22,23.55
20170413-23,21.37
20170414-0,19.51
20170414-1,19.16
20170414-2,18.81
20170414-3,18.69
20170414-4,19.06
20170414-5,20.49
20170414-6,24.76
20170414-7,26.20
20170414-8,27.20
20170414-9,28.29
20170414-10,28.43
20170414-11,28.50
20170414-12,28.12
20170414-13,28.33
20170414-14,27.21
20170414-15,26.42
20170414-16,26.62
20170414-17,26.67
20170414-18,25.34
20170414-19,26.95
20170414-20,29.98
20170414-21,27.54
20170414-22,23.08
20170414-23,20.35
20170415-0,20.65
20170415-1,19.17
20170415-2,18.37
20170415-3,17.98
20170415-4,18.08
20170415-5,18.93
20170415-6,20.83
20170415-7,22.45
20170415-8,24.66
20170415-9,26.33
20170415-10,26.84
20170415-11,27.28
20170415-12,26.44
20170415-13,25.12
20170415-14,25.35
20170415-15,25.43
20170415-16,26.95
20170415-17,26.75
20170415-18,26.60
20170415-19,28.15
20170415-20,33.46
20170415-21,29.73
20170415-22,23.31
20170415-23,21.76
20170416-0,19.81
20170416-1,18.90
20170416-2,18.01
20170416-3,16.77
20170416-4,16.52
20170416-5,17.28
20170416-6,18.72
20170416-7,19.86
20170416-8,21.40
20170416-9,23.62
20170416-10,24.57
20170416-11,25.26
20170416-12,26.22
20170416-13,27.27
20170416-14,29.07
20170416-15,30.31
20170416-16,32.36
20170416-17,32.33
20170416-18,32.27
20170416-19,32.98
20170416-20,44.29
20170416-21,34.85
20170416-22,25.48
20170416-23,21.93
20170417-0,20.52
20170417-1,19.69
20170417-2,19.10
20170417-3,18.65
20170417-4,19.63
20170417-5,22.03
20170417-6,27.40
20170417-7,29.90
20170417-8,30.86
20170417-9,32.39
20170417-10,35.82
20170417-11,37.75
20170417-12,37.15
20170417-13,38.41
20170417-14,36.28
20170417-15,35.52
20170417-16,35.99
20170417-17,34.41
20170417-18,30.42
20170417-19,32.26
20170417-20,44.43
20170417-21,32.17
20170417-22,24.50
20170417-23,21.89
20170418-0,20.22
20170418-1,19.81
20170418-2,19.82
20170418-3,19.53
20170418-4,20.63
20170418-5,22.30
20170418-6,28.64
20170418-7,30.66
20170418-8,30.60
20170418-9,31.46
20170418-10,32.29
20170418-11,33.12
20170418-12,32.91
20170418-13,33.97
20170418-14,32.90
20170418-15,30.79
20170418-16,32.58
20170418-17,30.29
20170418-18,28.16
20170418-19,30.18
20170418-20,37.63
20170418-21,32.16
20170418-22,24.22
20170418-23,21.74
20170419-0,20.59
20170419-1,20.02
20170419-2,19.83
20170419-3,19.82
20170419-4,20.59
20170419-5,22.58
20170419-6,27.51
20170419-7,28.83
20170419-8,31.37
20170419-9,34.80
20170419-10,35.65
20170419-11,36.14
20170419-12,36.15
20170419-13,36.25
20170419-14,35.81
20170419-15,35.84
20170419-16,36.59
20170419-17,36.58
20170419-18,35.31
20170419-19,35.23
20170419-20,42.86
20170419-21,36.01
20170419-22,25.80
20170419-23,23.20
20170420-0,20.79
20170420-1,19.88
20170420-2,19.46
20170420-3,19.21
20170420-4,19.75
20170420-5,21.56
20170420-6,26.77
20170420-7,27.43
20170420-8,28.77
20170420-9,30.79
20170420-10,31.49
20170420-11,33.89
20170420-12,36.17
20170420-13,38.12
20170420-14,39.09
20170420-15,41.36
20170420-16,42.49
20170420-17,40.15
20170420-18,36.05
20170420-19,36.34
20170420-20,47.75
20170420-21,34.91
20170420-22,26.48
20170420-23,22.61
20170421-0,21.24
20170421-1,20.70
20170421-2,20.37
20170421-3,19.87
20170421-4,20.56
20170421-5,22.07
20170421-6,26.69
20170421-7,28.73
20170421-8,30.24
20170421-9,31.49
20170421-10,33.93
20170421-11,34.27
20170421-12,36.32
20170421-13,38.15
20170421-14,37.81
20170421-15,36.43
20170421-16,36.25
20170421-17,34.47
20170421-18,30.83
20170421-19,30.28
20170421-20,37.28
20170421-21,32.13
20170421-22,25.03
20170421-23,23.06
20170422-0,22.17
20170422-1,21.88
20170422-2,21.42
20170422-3,20.74
20170422-4,20.82
20170422-5,21.28
20170422-6,22.16
20170422-7,22.79
20170422-8,24.70
20170422-9,26.50
20170422-10,27.16
20170422-11,26.14
20170422-12,25.32
20170422-13,24.43
20170422-14,24.21
20170422-15,23.78
20170422-16,24.10
20170422-17,24.23
20170422-18,24.49
20170422-19,25.34
20170422-20,29.66
20170422-21,26.14
20170422-22,23.53
20170422-23,22.22
20170423-0,21.05
20170423-1,20.62
20170423-2,20.44
20170423-3,20.11
20170423-4,20.27
20170423-5,20.52
20170423-6,20.95
20170423-7,21.56
20170423-8,22.95
20170423-9,24.04
20170423-10,24.45
20170423-11,24.05
20170423-12,23.98
20170423-13,23.31
20170423-14,23.28
20170423-15,22.92
20170423-16,23.73
20170423-17,24.55
20170423-18,25.11
20170423-19,27.09
20170423-20,32.77
20170423-21,28.34
20170423-22,23.72
20170423-23,21.57
20170424-0,20.89
20170424-1,20.52
20170424-2,20.36
20170424-3,20.34
20170424-4,21.23
20170424-5,22.81
20170424-6,30.16
20170424-7,30.86
20170424-8,32.86
20170424-9,33.51
20170424-10,35.53
20170424-11,33.95
20170424-12,34.40
20170424-13,33.77
20170424-14,33.22
20170424-15,29.34
20170424-16,31.21
20170424-17,31.00
20170424-18,29.54
20170424-19,29.16
20170424-20,32.68
20170424-21,29.73
20170424-22,23.81
20170424-23,22.02
20170425-0,20.20
20170425-1,19.84
20170425-2,19.27
20170425-3,19.32
20170425-4,19.84
20170425-5,21.77
20170425-6,28.40
20170425-7,29.24
20170425-8,31.40
20170425-9,31.46
20170425-10,33.61
20170425-11,32.37
20170425-12,32.43
20170425-13,32.97
20170425-14,32.54
20170425-15,31.39
20170425-16,32.18
20170425-17,31.30
20170425-18,30.39
20170425-19,30.14
20170425-20,33.98
20170425-21,30.05
20170425-22,23.69
20170425-23,21.62
20170426-0,20.06
20170426-1,19.66
20170426-2,19.66
20170426-3,19.35
20170426-4,20.23
20170426-5,21.98
20170426-6,26.79
20170426-7,28.19
20170426-8,30.70
20170426-9,31.75
20170426-10,33.14
20170426-11,34.08
20170426-12,35.57
20170426-13,36.38
20170426-14,37.15
20170426-15,37.04
20170426-16,39.96
20170426-17,38.52
20170426-18,36.80
20170426-19,36.62
20170426-20,41.37
20170426-21,37.24
20170426-22,25.61
20170426-23,22.79
20170427-0,19.91
20170427-1,19.35
20170427-2,18.82
20170427-3,18.47
20170427-4,19.19
20170427-5,20.93
20170427-6,26.40
20170427-7,26.00
20170427-8,27.77
20170427-9,30.66
20170427-10,32.48
20170427-11,32.83
20170427-12,34.19
20170427-13,36.44
20170427-14,36.15
20170427-15,36.31
20170427-16,37.66
20170427-17,37.71
20170427-18,33.07
20170427-19,34.22
20170427-20,40.12
20170427-21,33.31
20170427-22,24.57
20170427-23,22.60
20170428-0,21.17
20170428-1,20.60
20170428-2,20.12
20170428-3,19.14
20170428-4,19.97
20170428-5,21.81
20170428-6,25.82
20170428-7,26.98
20170428-8,29.06
20170428-9,31.18
20170428-10,33.76
20170428-11,34.83
20170428-12,35.82
20170428-13,36.68
20170428-14,38.30
20170428-15,40.88
20170428-16,43.02
20170428-17,42.05
20170428-18,35.87
20170428-19,34.32
20170428-20,39.99
20170428-21,34.59
20170428-22,26.65
20170428-23,23.74
20170429-0,22.97
20170429-1,22.51
20170429-2,21.89
20170429-3,21.03
20170429-4,20.96
20170429-5,21.83
20170429-6,22.93
20170429-7,23.66
20170429-8,26.12
20170429-9,28.37
20170429-10,32.81
20170429-11,35.46
20170429-12,35.66
20170429-13,37.80
20170429-14,41.74
20170429-15,44.35
20170429-16,50.02
20170429-17,47.63
20170429-18,40.21
20170429-19,38.53
20170429-20,44.55
20170429-21,36.66
20170429-22,28.61
20170429-23,24.29
20170430-0,22.46
20170430-1,21.84
20170430-2,20.55
20170430-3,19.56
20170430-4,19.36
20170430-5,19.45
20170430-6,20.05
20170430-7,22.23
20170430-8,23.41
20170430-9,24.36
20170430-10,26.83
20170430-11,28.89
20170430-12,31.62
20170430-13,34.16
20170430-14,36.69
20170430-15,37.49
20170430-16,40.99
20170430-17,39.62
20170430-18,34.03
20170430-19,32.14
20170430-20,40.18
20170430-21,31.24
20170430-22,25.48
20170430-23,22.68
20170501-0,20.43
20170501-1,19.75
20170501-2,18.96
20170501-3,18.43
20170501-4,19.18
20170501-5,20.72
20170501-6,25.56
20170501-7,27.03
20170501-8,28.67
20170501-9,30.60
20170501-10,31.97
20170501-11,34.19
20170501-12,34.02
20170501-13,35.30
20170501-14,34.96
20170501-15,35.64
20170501-16,36.20
20170501-17,35.76
20170501-18,32.96
20170501-19,31.86
20170501-20,37.64
20170501-21,32.17
20170501-22,24.50
20170501-23,21.92
20170502-0,21.22
20170502-1,20.75
20170502-2,20.11
20170502-3,19.54
20170502-4,20.55
20170502-5,22.81
20170502-6,28.29
20170502-7,31.02
20170502-8,31.44
20170502-9,32.50
20170502-10,33.10
20170502-11,32.48
20170502-12,33.11
20170502-13,33.00
20170502-14,33.03
20170502-15,33.52
20170502-16,33.33
20170502-17,33.46
20170502-18,32.21
20170502-19,30.93
20170502-20,37.87
20170502-21,33.88
20170502-22,26.21
20170502-23,22.56
20170503-0,22.70
20170503-1,22.24
20170503-2,21.75
20170503-3,21.14
20170503-4,22.37
20170503-5,24.26
20170503-6,30.03
20170503-7,34.90
20170503-8,35.10
20170503-9,35.44
20170503-10,34.48
20170503-11,34.72
20170503-12,34.02
20170503-13,34.42
20170503-14,34.29
20170503-15,33.94
20170503-16,34.31
20170503-17,35.21
20170503-18,33.80
20170503-19,32.49
20170503-20,41.70
20170503-21,34.41
20170503-22,27.59
20170503-23,23.25
20170504-0,22.95
20170504-1,22.31
20170504-2,21.28
20170504-3,20.49
20170504-4,22.07
20170504-5,23.38
20170504-6,28.85
20170504-7,31.70
20170504-8,32.87
20170504-9,33.68
20170504-10,34.41
20170504-11,34.44
20170504-12,32.85
20170504-13,32.46
20170504-14,31.83
20170504-15,30.28
20170504-16,31.15
20170504-17,31.85
20170504-18,29.16
20170504-19,29.21
20170504-20,34.35
20170504-21,32.95
20170504-22,25.59
20170504-23,23.20
20170505-0,20.64
20170505-1,20.15
20170505-2,19.48
20170505-3,19.16
20170505-4,19.60
20170505-5,21.67
20170505-6,25.85
20170505-7,29.49
20170505-8,30.96
20170505-9,32.43
20170505-10,33.68
20170505-11,34.50
20170505-12,33.73
20170505-13,33.92
20170505-14,31.40
20170505-15,31.52
20170505-16,31.84
20170505-17,32.87
20170505-18,30.13
20170505-19,29.46
20170505-20,34.08
20170505-21,32.07
20170505-22,26.99
20170505-23,22.92
20170506-0,22.77
20170506-1,22.22
20170506-2,22.30
20170506-3,22.03
20170506-4,22.06
20170506-5,22.28
20170506-6,22.34
20170506-7,24.03
20170506-8,26.08
20170506-9,28.34
20170506-10,28.24
20170506-11,28.06
20170506-12,27.08
20170506-13,26.31
20170506-14,25.44
20170506-15,24.68
20170506-16,25.09
20170506-17,25.40
20170506-18,26.02
20170506-19,26.34
20170506-20,31.24
20170506-21,28.82
20170506-22,24.70
20170506-23,22.83
20170507-0,22.17
20170507-1,22.15
20170507-2,22.08
20170507-3,21.64
20170507-4,21.82
20170507-5,21.90
20170507-6,22.00
20170507-7,22.76
20170507-8,24.65
20170507-9,26.06
20170507-10,26.24
20170507-11,25.47
20170507-12,24.90
20170507-13,24.55
20170507-14,23.91
20170507-15,23.80
20170507-16,24.24
20170507-17,25.02
20170507-18,26.04
20170507-19,26.83
20170507-20,34.82
20170507-21,33.81
20170507-22,25.21
20170507-23,23.62
20170508-0,22.38
20170508-1,22.36
20170508-2,22.36
20170508-3,22.36
20170508-4,22.98
20170508-5,25.80
20170508-6,38.73
20170508-7,44.88
20170508-8,41.88
20170508-9,40.07
20170508-10,40.15
20170508-11,39.88
20170508-12,37.89
20170508-13,38.77
20170508-14,35.99
20170508-15,34.73
20170508-16,36.67
20170508-17,37.00
20170508-18,35.34
20170508-19,34.60
20170508-20,47.28
20170508-21,40.99
20170508-22,29.41
20170508-23,24.83
20170509-0,23.30
20170509-1,23.06
20170509-2,22.41
20170509-3,22.30
20170509-4,23.32
20170509-5,25.40
20170509-6,35.84
20170509-7,39.68
20170509-8,37.10
20170509-9,36.88
20170509-10,36.30
20170509-11,36.58
20170509-12,36.03
20170509-13,36.41
20170509-14,35.83
20170509-15,36.45
20170509-16,36.31
20170509-17,36.71
20170509-18,34.08
20170509-19,34.15
20170509-20,41.82
20170509-21,36.98
20170509-22,28.05
20170509-23,24.03
20170510-0,22.36
20170510-1,22.08
20170510-2,21.27
20170510-3,20.94
20170510-4,21.99
20170510-5,23.99
20170510-6,32.20
20170510-7,35.74
20170510-8,34.75
20170510-9,35.40
20170510-10,35.02
20170510-11,36.65
20170510-12,38.86
20170510-13,38.19
20170510-14,38.66
20170510-15,37.85
20170510-16,38.29
20170510-17,38.02
20170510-18,36.62
20170510-19,34.36
20170510-20,39.71
20170510-21,38.06
20170510-22,28.15
20170510-23,23.76
20170511-0,21.98
20170511-1,21.38
20170511-2,20.72
20170511-3,20.47
20170511-4,21.22
20170511-5,23.02
20170511-6,30.03
20170511-7,34.90
20170511-8,34.71
20170511-9,36.06
20170511-10,36.68
20170511-11,37.51
20170511-12,37.23
20170511-13,37.04
20170511-14,37.74
20170511-15,37.76
20170511-16,36.78
20170511-17,37.36
20170511-18,36.06
20170511-19,32.89
20170511-20,37.54
20170511-21,36.86
20170511-22,27.72
20170511-23,23.55
20170512-0,21.96
20170512-1,21.71
20170512-2,21.31
20170512-3,20.85
20170512-4,21.44
20170512-5,23.04
20170512-6,28.21
20170512-7,33.29
20170512-8,34.40
20170512-9,34.26
20170512-10,34.68
20170512-11,34.60
20170512-12,34.60
20170512-13,34.46
20170512-14,34.40
20170512-15,33.47
20170512-16,33.09
20170512-17,32.67
20170512-18,30.02
20170512-19,28.81
20170512-20,33.49
20170512-21,31.05
20170512-22,25.90
20170512-23,23.40
20170513-0,23.03
20170513-1,22.25
20170513-2,22.08
20170513-3,21.89
20170513-4,21.97
20170513-5,22.07
20170513-6,23.38
20170513-7,25.55
20170513-8,27.23
20170513-9,30.15
20170513-10,31.08
20170513-11,31.31
20170513-12,31.29
20170513-13,30.05
20170513-14,28.16
20170513-15,27.80
20170513-16,27.92
20170513-17,28.09
20170513-18,28.88
20170513-19,27.91
20170513-20,31.95
20170513-21,29.82
20170513-22,26.46
20170513-23,23.67
20170514-0,22.78
20170514-1,21.65
20170514-2,20.92
20170514-3,20.25
20170514-4,20.40
20170514-5,20.51
20170514-6,19.94
20170514-7,21.16
20170514-8,23.58
20170514-9,24.81
20170514-10,25.51
20170514-11,25.64
20170514-12,26.11
20170514-13,26.35
20170514-14,26.86
20170514-15,27.46
20170514-16,29.33
20170514-17,31.44
20170514-18,29.65
20170514-19,29.49
20170514-20,35.24
20170514-21,33.18
20170514-22,26.45
20170514-23,23.55
20170515-0,21.40
20170515-1,21.09
20170515-2,20.88
20170515-3,20.56
20170515-4,21.20
20170515-5,23.00
20170515-6,28.22
20170515-7,31.41
20170515-8,32.46
20170515-9,35.16
20170515-10,37.79
20170515-11,38.91
20170515-12,41.34
20170515-13,42.05
20170515-14,41.37
20170515-15,42.54
20170515-16,43.34
20170515-17,42.33
20170515-18,40.04
20170515-19,37.20
20170515-20,40.98
20170515-21,38.80
20170515-22,27.57
20170515-23,24.70
20170516-0,21.59
20170516-1,20.83
20170516-2,19.60
20170516-3,19.09
20170516-4,19.89
20170516-5,22.77
20170516-6,26.90
20170516-7,29.29
20170516-8,30.78
20170516-9,32.69
20170516-10,35.82
20170516-11,37.10
20170516-12,38.86
20170516-13,43.05
20170516-14,43.69
20170516-15,46.44
20170516-16,50.49
20170516-17,49.48
20170516-18,44.27
20170516-19,39.69
20170516-20,42.66
20170516-21,38.45
20170516-22,29.33
20170516-23,24.92
20170517-0,23.04
20170517-1,21.72
20170517-2,19.98
20170517-3,19.26
20170517-4,19.77
20170517-5,22.08
20170517-6,26.53
20170517-7,29.18
20170517-8,31.51
20170517-9,34.23
20170517-10,40.44
20170517-11,43.98
20170517-12,50.05
20170517-13,54.74
20170517-14,63.02
20170517-15,78.52
20170517-16,94.42
20170517-17,92.66
20170517-18,65.28
20170517-19,49.54
20170517-20,52.14
20170517-21,44.63
20170517-22,34.94
20170517-23,30.41
20170518-0,27.25
20170518-1,23.87
20170518-2,22.00
20170518-3,21.25
20170518-4,21.21
20170518-5,23.65
20170518-6,28.30
20170518-7,31.62
20170518-8,34.26
20170518-9,37.46
20170518-10,43.06
20170518-11,50.28
20170518-12,61.34
20170518-13,76.01
20170518-14,93.78
20170518-15,112.74
20170518-16,130.64
20170518-17,114.40
20170518-18,71.64
20170518-19,54.56
20170518-20,52.81
20170518-21,43.63
20170518-22,34.86
20170518-23,28.56
20170519-0,25.41
20170519-1,23.00
20170519-2,21.53
20170519-3,20.43
20170519-4,20.93
20170519-5,23.05
20170519-6,28.15
20170519-7,30.93
20170519-8,32.90
20170519-9,36.43
20170519-10,40.08
20170519-11,41.45
20170519-12,43.10
20170519-13,46.62
20170519-14,51.07
20170519-15,55.40
20170519-16,59.24
20170519-17,51.24
20170519-18,42.24
20170519-19,37.15
20170519-20,39.82
20170519-21,35.33
20170519-22,27.42
20170519-23,24.24
20170520-0,23.96
20170520-1,23.60
20170520-2,21.95
20170520-3,21.39
20170520-4,21.48
20170520-5,21.48
20170520-6,21.19
20170520-7,21.58
20170520-8,23.71
20170520-9,25.38
20170520-10,26.84
20170520-11,28.10
20170520-12,29.02
20170520-13,29.38
20170520-14,31.02
20170520-15,31.77
20170520-16,32.50
20170520-17,32.61
20170520-18,28.61
20170520-19,27.21
20170520-20,29.83
20170520-21,27.89
20170520-22,25.26
20170520-23,22.36
20170521-0,21.66
20170521-1,21.26
20170521-2,19.47
20170521-3,18.88
20170521-4,18.95
20170521-5,18.87
20170521-6,18.65
20170521-7,19.14
20170521-8,21.12
20170521-9,22.56
20170521-10,23.72
20170521-11,24.13
20170521-12,24.22
20170521-13,23.92
20170521-14,23.92
20170521-15,24.05
20170521-16,24.25
20170521-17,25.05
20170521-18,24.85
20170521-19,24.41
20170521-20,27.61
20170521-21,26.59
20170521-22,23.31
20170521-23,21.18
20170522-0,20.58
20170522-1,19.96
20170522-2,19.56
20170522-3,18.92
20170522-4,19.56
20170522-5,20.80
20170522-6,24.48
20170522-7,26.67
20170522-8,27.82
20170522-9,29.24
20170522-10,30.26
20170522-11,32.26
20170522-12,32.79
20170522-13,33.89
20170522-14,33.79
20170522-15,33.12
20170522-16,33.96
20170522-17,33.91
20170522-18,30.45
20170522-19,30.78
20170522-20,33.45
20170522-21,31.60
20170522-22,24.40
20170522-23,22.05
20170523-0,21.00
20170523-1,20.47
20170523-2,19.91
20170523-3,19.08
20170523-4,19.71
20170523-5,20.86
20170523-6,24.65
20170523-7,27.27
20170523-8,28.42
20170523-9,29.70
20170523-10,31.26
20170523-11,32.73
20170523-12,34.03
20170523-13,33.85
20170523-14,34.26
20170523-15,33.71
20170523-16,33.43
20170523-17,34.10
20170523-18,31.83
20170523-19,30.72
20170523-20,33.88
20170523-21,33.88
20170523-22,25.24
20170523-23,22.22
20170524-0,21.49
20170524-1,20.58
20170524-2,19.71
20170524-3,18.96
20170524-4,19.48
20170524-5,20.87
20170524-6,24.75
20170524-7,27.47
20170524-8,28.96
20170524-9,30.31
20170524-10,30.91
20170524-11,31.59
20170524-12,31.52
20170524-13,30.90
20170524-14,31.34
20170524-15,31.14
20170524-16,31.12
20170524-17,31.91
20170524-18,30.23
20170524-19,28.50
20170524-20,32.65
20170524-21,30.94
20170524-22,25.05
20170524-23,22.11
20170525-0,20.55
20170525-1,19.84
20170525-2,19.29
20170525-3,18.35
20170525-4,19.34
20170525-5,21.53
20170525-6,24.70
20170525-7,27.61
20170525-8,30.00
20170525-9,31.95
20170525-10,32.62
20170525-11,33.42
20170525-12,32.85
20170525-13,33.02
20170525-14,32.89
20170525-15,32.60
20170525-16,32.98
20170525-17,32.84
20170525-18,32.19
20170525-19,30.78
20170525-20,33.55
20170525-21,32.73
20170525-22,25.67
20170525-23,22.45
20170526-0,21.45
20170526-1,20.37
20170526-2,20.00
20170526-3,19.04
20170526-4,19.60
20170526-5,21.41
20170526-6,23.38
20170526-7,26.23
20170526-8,28.01
20170526-9,30.12
20170526-10,31.34
20170526-11,33.15
20170526-12,33.86
20170526-13,33.90
20170526-14,33.99
20170526-15,34.36
20170526-16,35.17
20170526-17,34.36
20170526-18,32.87
20170526-19,32.43
20170526-20,33.86
20170526-21,32.74
20170526-22,25.35
20170526-23,22.76
20170527-0,21.38
20170527-1,20.75
20170527-2,20.04
20170527-3,19.00
20170527-4,19.10
20170527-5,20.07
20170527-6,20.50
20170527-7,21.87
20170527-8,23.69
20170527-9,25.37
20170527-10,28.04
20170527-11,31.45
20170527-12,31.36
20170527-13,32.76
20170527-14,32.23
20170527-15,32.31
20170527-16,32.77
20170527-17,33.09
20170527-18,32.80
20170527-19,31.16
20170527-20,32.85
20170527-21,31.40
20170527-22,24.59
20170527-23,21.99
20170528-0,19.54
20170528-1,18.09
20170528-2,17.11
20170528-3,16.20
20170528-4,15.98
20170528-5,15.60
20170528-6,13.91
20170528-7,16.90
20170528-8,20.38
20170528-9,21.99
20170528-10,22.83
20170528-11,23.72
20170528-12,24.35
20170528-13,24.69
20170528-14,24.65
20170528-15,24.53
20170528-16,24.88
20170528-17,25.62
20170528-18,25.12
20170528-19,25.56
20170528-20,26.01
20170528-21,25.75
20170528-22,22.65
20170528-23,19.99
20170529-0,18.30
20170529-1,16.46
20170529-2,15.06
20170529-3,14.90
20170529-4,13.79
20170529-5,14.12
20170529-6,14.04
20170529-7,16.85
20170529-8,20.46
20170529-9,22.14
20170529-10,23.07
20170529-11,24.38
20170529-12,26.46
20170529-13,28.54
20170529-14,28.75
20170529-15,28.74
20170529-16,29.99
20170529-17,31.46
20170529-18,29.56
20170529-19,29.11
20170529-20,30.14
20170529-21,30.04
20170529-22,22.77
20170529-23,20.79
20170530-0,19.35
20170530-1,18.63
20170530-2,17.06
20170530-3,16.12
20170530-4,16.78
20170530-5,18.69
20170530-6,20.88
20170530-7,22.35
20170530-8,23.80
20170530-9,24.87
20170530-10,26.68
20170530-11,28.17
20170530-12,29.99
20170530-13,29.55
20170530-14,29.64
20170530-15,30.70
20170530-16,31.04
20170530-17,31.10
20170530-18,28.68
20170530-19,28.20
20170530-20,30.63
20170530-21,28.00
20170530-22,22.23
20170530-23,19.63
20170531-0,19.48
20170531-1,18.54
20170531-2,17.41
20170531-3,16.55
20170531-4,18.08
20170531-5,19.91
20170531-6,21.85
20170531-7,23.93
20170531-8,24.98
20170531-9,26.48
20170531-10,28.07
20170531-11,30.03
20170531-12,30.54
20170531-13,30.73
20170531-14,30.77
20170531-15,31.24
20170531-16,31.71
20170531-17,31.74
20170531-18,29.77
20170531-19,27.53
20170531-20,30.15
20170531-21,27.16
20170531-22,22.93
20170531-23,21.19
20170601-0,19.71
20170601-1,18.95
20170601-2,18.22
20170601-3,17.21
20170601-4,18.28
20170601-5,19.46
20170601-6,21.78
20170601-7,23.10
20170601-8,24.44
20170601-9,26.13
20170601-10,27.68
20170601-11,28.68
20170601-12,30.36
20170601-13,30.55
20170601-14,32.19
20170601-15,33.13
20170601-16,33.64
20170601-17,33.58
20170601-18,31.09
20170601-19,29.30
20170601-20,30.57
20170601-21,28.42
20170601-22,23.49
20170601-23,20.98
20170602-0,20.25
20170602-1,19.08
20170602-2,18.32
20170602-3,17.07
20170602-4,18.14
20170602-5,19.94
20170602-6,21.67
20170602-7,23.82
20170602-8,25.31
20170602-9,26.95
20170602-10,28.73
20170602-11,30.79
20170602-12,32.71
20170602-13,33.13
20170602-14,36.48
20170602-15,39.18
20170602-16,40.41
20170602-17,36.97
20170602-18,34.53
20170602-19,30.63
20170602-20,31.41
20170602-21,30.06
20170602-22,24.36
20170602-23,21.62
20170603-0,20.05
20170603-1,18.70
20170603-2,16.84
20170603-3,15.29
20170603-4,14.95
20170603-5,15.79
20170603-6,16.60
20170603-7,18.04
20170603-8,20.97
20170603-9,23.26
20170603-10,24.70
20170603-11,26.18
20170603-12,28.14
20170603-13,30.30
20170603-14,33.52
20170603-15,33.13
20170603-16,36.01
20170603-17,36.29
20170603-18,33.24
20170603-19,30.77
20170603-20,30.85
20170603-21,28.42
20170603-22,24.16
20170603-23,22.18
20170604-0,17.53
20170604-1,17.38
20170604-2,16.07
20170604-3,14.02
20170604-4,12.66
20170604-5,12.14
20170604-6,9.81
20170604-7,15.01
20170604-8,18.29
20170604-9,20.78
20170604-10,22.89
20170604-11,24.24
20170604-12,26.15
20170604-13,28.26
20170604-14,30.39
20170604-15,32.08
20170604-16,35.62
20170604-17,38.28
20170604-18,32.42
20170604-19,29.81
20170604-20,30.86
20170604-21,30.91
20170604-22,24.65
20170604-23,22.12
20170605-0,18.68
20170605-1,18.51
20170605-2,17.17
20170605-3,16.74
20170605-4,16.85
20170605-5,18.18
20170605-6,20.08
20170605-7,22.69
20170605-8,23.81
20170605-9,24.90
20170605-10,26.41
20170605-11,27.70
20170605-12,28.32
20170605-13,28.92
20170605-14,29.22
20170605-15,28.82
20170605-16,29.47
20170605-17,28.62
20170605-18,28.82
20170605-19,27.73
20170605-20,27.48
20170605-21,26.79
20170605-22,22.98
20170605-23,19.54
20170606-0,18.49
20170606-1,17.51
20170606-2,16.61
20170606-3,16.33
20170606-4,16.55
20170606-5,18.68
20170606-6,19.42
20170606-7,21.81
20170606-8,23.29
20170606-9,25.19
20170606-10,26.74
20170606-11,27.28
20170606-12,27.90
20170606-13,27.84
20170606-14,27.76
20170606-15,27.94
20170606-16,27.57
20170606-17,27.34
20170606-18,27.15
20170606-19,26.26
20170606-20,26.37
20170606-21,25.83
20170606-22,22.01
20170606-23,19.28
20170607-0,17.66
20170607-1,16.79
20170607-2,16.76
20170607-3,16.37
20170607-4,16.89
20170607-5,18.62
20170607-6,20.61
20170607-7,22.03
20170607-8,22.90
20170607-9,24.32
20170607-10,24.78
20170607-11,25.15
20170607-12,25.69
20170607-13,25.89
20170607-14,26.02
20170607-15,25.99
20170607-16,25.91
20170607-17,25.83
20170607-18,25.62
20170607-19,24.86
20170607-20,25.07
20170607-21,24.66
20170607-22,22.03
20170607-23,19.79
20170608-0,18.16
20170608-1,17.07
20170608-2,16.19
20170608-3,15.60
20170608-4,16.33
20170608-5,18.00
20170608-6,19.47
20170608-7,21.54
20170608-8,23.02
20170608-9,24.10
20170608-10,25.42
20170608-11,26.12
20170608-12,26.32
20170608-13,28.08
20170608-14,27.95
20170608-15,28.92
20170608-16,28.98
20170608-17,29.29
20170608-18,28.15
20170608-19,26.30
20170608-20,25.86
20170608-21,25.26
20170608-22,21.61
20170608-23,19.55
20170609-0,17.80
20170609-1,17.21
20170609-2,16.17
20170609-3,15.95
20170609-4,15.83
20170609-5,17.82
20170609-6,19.02
20170609-7,21.13
20170609-8,23.20
20170609-9,24.29
20170609-10,26.25
20170609-11,27.76
20170609-12,30.51
20170609-13,32.51
20170609-14,32.67
20170609-15,34.13
20170609-16,33.98
20170609-17,34.07
20170609-18,32.87
20170609-19,31.74
20170609-20,29.29
20170609-21,26.60
20170609-22,22.48
20170609-23,20.36
20170610-0,19.89
20170610-1,18.50
20170610-2,17.34
20170610-3,16.20
20170610-4,15.57
20170610-5,16.06
20170610-6,16.38
20170610-7,18.81
20170610-8,21.22
20170610-9,23.39
20170610-10,25.00
20170610-11,27.55
20170610-12,30.97
20170610-13,34.05
20170610-14,35.47
20170610-15,39.29
20170610-16,42.91
20170610-17,44.28
20170610-18,37.73
20170610-19,34.70
20170610-20,31.23
20170610-21,28.00
20170610-22,24.49
20170610-23,22.68
20170611-0,19.68
20170611-1,18.68
20170611-2,16.95
20170611-3,15.04
20170611-4,13.17
20170611-5,12.65
20170611-6,13.13
20170611-7,17.47
20170611-8,20.38
20170611-9,23.39
20170611-10,24.92
20170611-11,28.26
20170611-12,32.05
20170611-13,35.90
20170611-14,35.92
20170611-15,40.37
20170611-16,48.71
20170611-17,50.95
20170611-18,44.50
20170611-19,37.29
20170611-20,34.97
20170611-21,30.72
20170611-22,25.07
20170611-23,22.82
20170612-0,21.32
20170612-1,19.43
20170612-2,17.88
20170612-3,15.39
20170612-4,15.63
20170612-5,18.42
20170612-6,20.93
20170612-7,22.97
20170612-8,25.14
20170612-9,29.02
20170612-10,35.28
20170612-11,37.45
20170612-12,41.95
20170612-13,44.64
20170612-14,48.78
20170612-15,57.30
20170612-16,68.04
20170612-17,63.92
20170612-18,48.53
20170612-19,41.94
20170612-20,38.44
20170612-21,35.07
20170612-22,28.11
20170612-23,24.27
20170613-0,23.18
20170613-1,21.28
20170613-2,19.82
20170613-3,19.01
20170613-4,18.98
20170613-5,20.62
20170613-6,22.96
20170613-7,24.69
20170613-8,26.73
20170613-9,29.65
20170613-10,35.26
20170613-11,38.61
20170613-12,41.64
20170613-13,47.76
20170613-14,55.17
20170613-15,67.67
20170613-16,76.29
20170613-17,69.56
20170613-18,51.08
20170613-19,43.04
20170613-20,37.79
20170613-21,34.26
20170613-22,28.50
20170613-23,24.34
20170614-0,24.48
20170614-1,22.08
20170614-2,20.62
20170614-3,19.50
20170614-4,19.46
20170614-5,20.65
20170614-6,22.73
20170614-7,24.32
20170614-8,26.84
20170614-9,29.75
20170614-10,34.64
20170614-11,36.15
20170614-12,38.89
20170614-13,39.62
20170614-14,40.47
20170614-15,43.23
20170614-16,45.80
20170614-17,41.11
20170614-18,37.83
20170614-19,34.56
20170614-20,34.21
20170614-21,33.93
20170614-22,27.18
20170614-23,23.69
20170615-0,21.64
20170615-1,19.91
20170615-2,18.73
20170615-3,17.88
20170615-4,18.11
20170615-5,19.60
20170615-6,21.40
20170615-7,22.97
20170615-8,24.42
20170615-9,26.36
20170615-10,29.08
20170615-11,32.21
20170615-12,35.98
20170615-13,35.56
20170615-14,37.05
20170615-15,38.24
20170615-16,40.00
20170615-17,37.37
20170615-18,34.45
20170615-19,32.69
20170615-20,31.38
20170615-21,29.77
20170615-22,25.16
20170615-23,22.14
20170616-0,20.91
20170616-1,19.77
20170616-2,18.38
20170616-3,17.52
20170616-4,17.88
20170616-5,19.44
20170616-6,20.82
20170616-7,23.02
20170616-8,24.39
20170616-9,26.32
20170616-10,29.65
20170616-11,33.78
20170616-12,36.56
20170616-13,38.51
20170616-14,40.80
20170616-15,42.30
20170616-16,44.51
20170616-17,40.86
20170616-18,37.20
20170616-19,34.54
20170616-20,34.09
20170616-21,31.54
20170616-22,25.67
20170616-23,23.20
20170617-0,21.72
20170617-1,20.36
20170617-2,18.81
20170617-3,17.50
20170617-4,17.06
20170617-5,17.12
20170617-6,17.29
20170617-7,19.97
20170617-8,21.89
20170617-9,23.36
20170617-10,25.97
20170617-11,28.50
20170617-12,32.53
20170617-13,33.77
20170617-14,34.68
20170617-15,36.28
20170617-16,42.26
20170617-17,40.99
20170617-18,36.85
20170617-19,33.81
20170617-20,33.09
20170617-21,31.18
20170617-22,25.76
20170617-23,23.17
20170618-0,21.90
20170618-1,20.96
20170618-2,19.30
20170618-3,17.69
20170618-4,16.99
20170618-5,16.79
20170618-6,16.48
20170618-7,19.17
20170618-8,21.87
20170618-9,23.49
20170618-10,26.62
20170618-11,30.25
20170618-12,33.99
20170618-13,33.83
20170618-14,36.18
20170618-15,37.58
20170618-16,43.03
20170618-17,40.53
20170618-18,37.09
20170618-19,34.14
20170618-20,33.89
20170618-21,33.49
20170618-22,27.21
20170618-23,23.56
20170619-0,22.44
20170619-1,20.77
20170619-2,19.93
20170619-3,19.15
20170619-4,19.28
20170619-5,20.59
20170619-6,22.23
20170619-7,23.75
20170619-8,26.43
20170619-9,30.00
20170619-10,33.68
20170619-11,35.42
20170619-12,39.88
20170619-13,40.50
20170619-14,42.14
20170619-15,42.00
20170619-16,43.21
20170619-17,38.12
20170619-18,34.49
20170619-19,31.96
20170619-20,32.53
20170619-21,30.41
20170619-22,25.28
20170619-23,22.54
20170620-0,21.17
20170620-1,20.22
20170620-2,18.74
20170620-3,17.74
20170620-4,17.83
20170620-5,19.10
20170620-6,20.84
20170620-7,22.51
20170620-8,23.76
20170620-9,25.99
20170620-10,28.16
20170620-11,30.34
20170620-12,32.19
20170620-13,34.16
20170620-14,35.50
20170620-15,37.55
20170620-16,40.65
20170620-17,40.28
20170620-18,34.75
20170620-19,31.77
20170620-20,30.38
20170620-21,28.73
20170620-22,25.03
20170620-23,22.47
20170621-0,20.33
20170621-1,18.95
20170621-2,17.85
20170621-3,16.68
20170621-4,17.06
20170621-5,18.72
20170621-6,20.40
20170621-7,21.66
20170621-8,22.80
20170621-9,24.40
20170621-10,26.72
20170621-11,28.74
20170621-12,31.51
20170621-13,32.38
20170621-14,32.87
20170621-15,37.02
20170621-16,41.27
20170621-17,38.13
20170621-18,33.67
20170621-19,30.79
20170621-20,29.22
20170621-21,28.01
20170621-22,24.71
20170621-23,22.04
20170622-0,20.48
20170622-1,19.42
20170622-2,18.16
20170622-3,16.98
20170622-4,17.21
20170622-5,18.85
20170622-6,19.98
20170622-7,21.92
20170622-8,24.53
20170622-9,26.70
20170622-10,30.13
20170622-11,34.61
20170622-12,37.57
20170622-13,40.39
20170622-14,42.40
20170622-15,46.89
20170622-16,54.47
20170622-17,51.16
20170622-18,41.33
20170622-19,38.00
20170622-20,38.41
20170622-21,35.55
20170622-22,27.61
20170622-23,24.86
20170623-0,22.29
20170623-1,21.05
20170623-2,19.67
20170623-3,18.99
20170623-4,18.97
20170623-5,20.20
20170623-6,22.18
20170623-7,22.93
20170623-8,25.16
20170623-9,27.02
20170623-10,29.16
20170623-11,33.67
20170623-12,36.33
20170623-13,37.84
20170623-14,39.80
20170623-15,41.35
20170623-16,43.68
20170623-17,40.50
20170623-18,35.49
20170623-19,31.31
20170623-20,30.77
20170623-21,30.21
20170623-22,25.54
20170623-23,23.26
20170624-0,22.38
20170624-1,21.25
20170624-2,20.73
20170624-3,19.46
20170624-4,18.89
20170624-5,19.08
20170624-6,19.50
20170624-7,20.95
20170624-8,22.87
20170624-9,25.15
20170624-10,27.40
20170624-11,29.11
20170624-12,33.38
20170624-13,34.74
20170624-14,36.05
20170624-15,37.58
20170624-16,38.84
20170624-17,38.22
20170624-18,35.01
20170624-19,30.61
20170624-20,28.90
20170624-21,27.11
20170624-22,24.45
20170624-23,21.96
20170625-0,20.35
20170625-1,19.13
20170625-2,16.96
20170625-3,15.41
20170625-4,14.39
20170625-5,13.13
20170625-6,12.18
20170625-7,14.87
20170625-8,18.81
20170625-9,20.46
20170625-10,22.23
20170625-11,23.88
20170625-12,25.11
20170625-13,25.79
20170625-14,26.91
20170625-15,27.68
20170625-16,27.94
20170625-17,28.14
20170625-18,27.48
20170625-19,26.38
20170625-20,26.29
20170625-21,25.78
20170625-22,21.96
20170625-23,19.86
20170626-0,18.08
20170626-1,16.14
20170626-2,13.25
20170626-3,12.71
20170626-4,13.13
20170626-5,14.52
20170626-6,18.61
20170626-7,20.42
20170626-8,21.56
20170626-9,22.79
20170626-10,23.61
20170626-11,24.55
20170626-12,25.09
20170626-13,25.91
20170626-14,26.70
20170626-15,27.20
20170626-16,27.57
20170626-17,27.39
20170626-18,26.34
20170626-19,24.93
20170626-20,25.11
20170626-21,23.88
20170626-22,21.20
20170626-23,19.11
20170627-0,18.08
20170627-1,16.32
20170627-2,16.10
20170627-3,15.36
20170627-4,15.59
20170627-5,17.82
20170627-6,19.60
20170627-7,21.06
20170627-8,21.87
20170627-9,22.75
20170627-10,23.90
20170627-11,24.69
20170627-12,25.20
20170627-13,25.63
20170627-14,25.92
20170627-15,26.10
20170627-16,27.27
20170627-17,27.44
20170627-18,25.75
20170627-19,24.52
20170627-20,24.57
20170627-21,23.82
20170627-22,21.40
20170627-23,19.12
20170628-0,16.27
20170628-1,15.40
20170628-2,14.70
20170628-3,13.14
20170628-4,14.12
20170628-5,15.57
20170628-6,17.74
20170628-7,19.32
20170628-8,20.43
20170628-9,21.50
20170628-10,23.13
20170628-11,24.02
20170628-12,25.22
20170628-13,27.08
20170628-14,28.53
20170628-15,28.96
20170628-16,32.93
20170628-17,32.65
20170628-18,28.79
20170628-19,27.24
20170628-20,27.10
20170628-21,26.02
20170628-22,22.29
20170628-23,19.73
20170629-0,18.13
20170629-1,17.16
20170629-2,15.57
20170629-3,14.04
20170629-4,14.59
20170629-5,16.99
20170629-6,18.75
20170629-7,20.57
20170629-8,22.39
20170629-9,24.22
20170629-10,27.19
20170629-11,30.80
20170629-12,34.83
20170629-13,39.15
20170629-14,41.28
20170629-15,46.95
20170629-16,52.24
20170629-17,49.98
20170629-18,43.06
20170629-19,37.54
20170629-20,37.09
20170629-21,33.51
20170629-22,26.47
20170629-23,23.13
20170630-0,21.01
20170630-1,19.44
20170630-2,18.39
20170630-3,17.13
20170630-4,17.25
20170630-5,18.62
20170630-6,20.07
20170630-7,21.51
20170630-8,24.03
20170630-9,26.26
20170630-10,30.05
20170630-11,35.52
20170630-12,38.37
20170630-13,41.59
20170630-14,45.64
20170630-15,53.12
20170630-16,53.79
20170630-17,49.77
20170630-18,38.65
20170630-19,35.58
20170630-20,35.47
20170630-21,33.23
20170630-22,26.36
20170630-23,23.06
20170701-0,21.05
20170701-1,20.87
20170701-2,19.94
20170701-3,18.96
20170701-4,18.43
20170701-5,18.36
20170701-6,18.27
20170701-7,20.06
20170701-8,21.57
20170701-9,23.57
20170701-10,25.89
20170701-11,28.15
20170701-12,29.08
20170701-13,30.54
20170701-14,31.42
20170701-15,33.32
20170701-16,35.51
20170701-17,33.86
20170701-18,31.29
20170701-19,30.08
20170701-20,28.89
20170701-21,27.76
20170701-22,25.14
20170701-23,22.02
20170702-0,20.65
20170702-1,20.14
20170702-2,19.17
20170702-3,17.69
20170702-4,16.68
20170702-5,15.70
20170702-6,15.04
20170702-7,17.60
20170702-8,20.43
20170702-9,22.57
20170702-10,25.21
20170702-11,27.56
20170702-12,29.87
20170702-13,33.26
20170702-14,36.48
20170702-15,39.67
20170702-16,42.40
20170702-17,45.23
20170702-18,38.56
20170702-19,36.39
20170702-20,33.48
20170702-21,29.93
20170702-22,26.38
20170702-23,23.56
20170703-0,21.64
20170703-1,19.73
20170703-2,18.50
20170703-3,17.48
20170703-4,17.40
20170703-5,18.10
20170703-6,19.57
20170703-7,21.74
20170703-8,23.52
20170703-9,26.11
20170703-10,30.90
20170703-11,35.76
20170703-12,37.47
20170703-13,40.35
20170703-14,42.08
20170703-15,45.76
20170703-16,48.10
20170703-17,45.43
20170703-18,39.87
20170703-19,36.65
20170703-20,34.27
20170703-21,30.63
20170703-22,25.76
20170703-23,23.79
20170704-0,20.79
20170704-1,19.72
20170704-2,18.56
20170704-3,16.82
20170704-4,16.26
20170704-5,15.37
20170704-6,14.99
20170704-7,18.23
20170704-8,21.28
20170704-9,23.07
20170704-10,24.90
20170704-11,27.45
20170704-12,29.30
20170704-13,32.19
20170704-14,32.64
20170704-15,37.13
20170704-16,37.91
20170704-17,37.78
20170704-18,33.43
20170704-19,31.99
20170704-20,28.35
20170704-21,27.33
20170704-22,24.57
20170704-23,22.80
20170705-0,21.08
20170705-1,20.02
20170705-2,18.58
20170705-3,17.42
20170705-4,17.78
20170705-5,18.60
20170705-6,20.25
20170705-7,21.84
20170705-8,23.25
20170705-9,25.70
20170705-10,28.53
20170705-11,31.55
20170705-12,35.39
20170705-13,37.95
20170705-14,39.69
20170705-15,41.47
20170705-16,45.01
20170705-17,42.00
20170705-18,39.42
20170705-19,35.48
20170705-20,34.51
20170705-21,29.92
20170705-22,25.24
20170705-23,23.08
20170706-0,20.82
20170706-1,19.80
20170706-2,18.82
20170706-3,17.96
20170706-4,18.18
20170706-5,19.17
20170706-6,21.09
20170706-7,22.28
20170706-8,24.05
20170706-9,25.76
20170706-10,29.53
20170706-11,33.87
20170706-12,34.87
20170706-13,37.34
20170706-14,39.30
20170706-15,40.67
20170706-16,41.73
20170706-17,41.56
20170706-18,35.52
20170706-19,32.96
20170706-20,32.04
20170706-21,30.19
20170706-22,24.85
20170706-23,23.06
20170707-0,21.23
20170707-1,19.79
20170707-2,18.74
20170707-3,17.72
20170707-4,17.80
20170707-5,18.92
20170707-6,20.21
20170707-7,21.53
20170707-8,22.83
20170707-9,24.94
20170707-10,27.97
20170707-11,32.51
20170707-12,34.07
20170707-13,36.27
20170707-14,37.76
20170707-15,39.97
20170707-16,42.35
20170707-17,40.03
20170707-18,34.81
20170707-19,30.51
20170707-20,28.73
20170707-21,27.99
20170707-22,24.46
20170707-23,21.83
20170708-0,21.50
20170708-1,20.61
20170708-2,19.46
20170708-3,18.22
20170708-4,17.95
20170708-5,17.93
20170708-6,17.71
20170708-7,19.65
20170708-8,22.08
20170708-9,23.67
20170708-10,26.04
20170708-11,30.22
20170708-12,31.36
20170708-13,33.10
20170708-14,34.03
20170708-15,35.33
20170708-16,38.53
20170708-17,37.58
20170708-18,34.07
20170708-19,30.30
20170708-20,28.21
20170708-21,26.58
20170708-22,23.73
20170708-23,21.20
20170709-0,19.65
20170709-1,18.96
20170709-2,18.20
20170709-3,16.39
20170709-4,14.62
20170709-5,13.45
20170709-6,9.23
20170709-7,13.97
20170709-8,19.53
20170709-9,20.76
20170709-10,22.09
20170709-11,23.85
20170709-12,25.37
20170709-13,27.01
20170709-14,29.74
20170709-15,30.14
20170709-16,33.34
20170709-17,34.08
20170709-18,32.12
20170709-19,30.21
20170709-20,27.81
20170709-21,26.07
20170709-22,23.03
20170709-23,21.09
20170710-0,18.67
20170710-1,17.77
20170710-2,16.98
20170710-3,14.84
20170710-4,15.75
20170710-5,17.45
20170710-6,18.76
20170710-7,20.76
20170710-8,22.25
20170710-9,24.49
20170710-10,27.91
20170710-11,32.30
20170710-12,35.24
20170710-13,38.15
20170710-14,41.12
20170710-15,42.78
20170710-16,45.58
20170710-17,46.92
20170710-18,40.70
20170710-19,35.99
20170710-20,36.17
20170710-21,30.56
20170710-22,25.15
20170710-23,23.23
20170711-0,21.23
20170711-1,20.28
20170711-2,19.35
20170711-3,18.62
20170711-4,18.71
20170711-5,19.63
20170711-6,21.12
20170711-7,22.32
20170711-8,24.61
20170711-9,26.72
20170711-10,31.42
20170711-11,35.70
20170711-12,38.91
20170711-13,41.10
20170711-14,44.92
20170711-15,48.80
20170711-16,56.43
20170711-17,52.89
20170711-18,43.65
20170711-19,37.90
20170711-20,36.27
20170711-21,33.91
20170711-22,26.76
20170711-23,24.56
